trade_id,symbol,side,entry_time,exit_time,entry_price,exit_price,quantity,fees,gross_pnl,net_pnl,return_pct,exit_date,cumulative_pnl,equity,peak_equity,drawdown,drawdown_pct
AAPL-0025,AAPL,short,2014-07-01T00:00:00,2014-07-09T00:00:00,93.5200,95.3900,10.6929,0.5000,-19.9957,-20.4957,-0.0020,2014-07-09,-20.4957,9979.5043,9979.5043,0.0000,0.0000
AAPL-0030,AAPL,long,2014-07-09T00:00:00,2014-07-16T00:00:00,95.3900,94.7800,10.4833,0.5000,-6.3948,-6.8948,-0.0007,2014-07-16,-27.3905,9972.6095,9979.5043,-6.8948,-0.0007
AAPL-0035,AAPL,long,2014-07-16T00:00:00,2014-07-23T00:00:00,94.7800,97.1900,10.5508,0.5000,25.4273,24.9273,0.0025,2014-07-23,-2.4632,9997.5368,9997.5368,0.0000,0.0000
AAPL-0040,AAPL,long,2014-07-23T00:00:00,2014-07-30T00:00:00,97.1900,98.1500,10.2891,0.5000,9.8776,9.3776,0.0009,2014-07-30,6.9143,10006.9143,10006.9143,0.0000,0.0000
AAPL-0045,AAPL,long,2014-07-30T00:00:00,2014-08-06T00:00:00,98.1500,94.9600,10.1885,0.5000,-32.5013,-33.0013,-0.0033,2014-08-06,-26.0869,9973.9131,10006.9143,-33.0013,-0.0033
AAPL-0050,AAPL,long,2014-08-06T00:00:00,2014-08-13T00:00:00,94.9600,97.2400,10.5307,0.5000,24.0101,23.5101,0.0024,2014-08-13,-2.5768,9997.4232,10006.9143,-9.4912,-0.0009
AAPL-0055,AAPL,short,2014-08-13T00:00:00,2014-08-20T00:00:00,97.2400,100.5700,10.2838,0.5000,-34.2452,-34.7452,-0.0035,2014-08-20,-37.3220,9962.6780,10006.9143,-44.2363,-0.0044
AAPL-0060,AAPL,long,2014-08-20T00:00:00,2014-08-27T00:00:00,100.5700,102.1300,9.9433,0.5000,15.5116,15.0116,0.0015,2014-08-27,-22.3104,9977.6896,10006.9143,-29.2247,-0.0029
AAPL-0065,AAPL,long,2014-08-27T00:00:00,2014-09-04T00:00:00,102.1300,98.1200,9.7914,0.5000,-39.2637,-39.7637,-0.0040,2014-09-04,-62.0741,9937.9259,10006.9143,-68.9884,-0.0069
AAPL-0070,AAPL,long,2014-09-04T00:00:00,2014-09-11T00:00:00,98.1200,101.4300,10.1916,0.5000,33.7342,33.2342,0.0033,2014-09-11,-28.8399,9971.1601,10006.9143,-35.7542,-0.0036
AAPL-0075,AAPL,short,2014-09-11T00:00:00,2014-09-18T00:00:00,101.4300,101.7900,9.8590,0.5000,-3.5492,-4.0492,-0.0004,2014-09-18,-32.8891,9967.1109,10006.9143,-39.8035,-0.0040
AAPL-0080,AAPL,long,2014-09-18T00:00:00,2014-09-25T00:00:00,101.7900,97.8700,9.8241,0.5000,-38.5107,-39.0107,-0.0039,2014-09-25,-71.8998,9928.1002,10006.9143,-78.8141,-0.0079
AAPL-0085,AAPL,long,2014-09-25T00:00:00,2014-10-02T00:00:00,97.8700,99.9000,10.2176,0.5000,20.7418,20.2418,0.0020,2014-10-02,-51.6580,9948.3420,10006.9143,-58.5724,-0.0059
AAPL-0090,AAPL,short,2014-10-02T00:00:00,2014-10-09T00:00:00,99.9000,101.0200,10.0100,0.5000,-11.2112,-11.7112,-0.0012,2014-10-09,-63.3692,9936.6308,10006.9143,-70.2836,-0.0070
AAPL-0095,AAPL,short,2014-10-09T00:00:00,2014-10-16T00:00:00,101.0200,96.2600,9.8990,0.5000,47.1194,46.6194,0.0047,2014-10-16,-16.7498,9983.2502,10006.9143,-23.6642,-0.0024
AAPL-0100,AAPL,short,2014-10-16T00:00:00,2014-10-23T00:00:00,96.2600,104.8300,10.3885,0.5000,-89.0297,-89.5297,-0.0090,2014-10-23,-106.2795,9893.7205,10006.9143,-113.1939,-0.0113
AAPL-0105,AAPL,long,2014-10-23T00:00:00,2014-10-30T00:00:00,104.8300,106.9800,9.5392,0.5000,20.5094,20.0094,0.0020,2014-10-30,-86.2702,9913.7298,10006.9143,-93.1845,-0.0093
AAPL-0110,AAPL,long,2014-10-30T00:00:00,2014-11-06T00:00:00,106.9800,108.7000,9.3475,0.5000,16.0778,15.5778,0.0016,2014-11-06,-70.6924,9929.3076,10006.9143,-77.6067,-0.0078
AAPL-0115,AAPL,long,2014-11-06T00:00:00,2014-11-13T00:00:00,108.7000,112.8200,9.1996,0.5000,37.9025,37.4025,0.0037,2014-11-13,-33.2899,9966.7101,10006.9143,-40.2043,-0.0040
AAPL-0120,AAPL,long,2014-11-13T00:00:00,2014-11-20T00:00:00,112.8200,116.3100,8.8637,0.5000,30.9342,30.4342,0.0030,2014-11-20,-2.8557,9997.1443,10006.9143,-9.7700,-0.0010
AAPL-0125,AAPL,long,2014-11-20T00:00:00,2014-11-28T00:00:00,116.3100,118.9300,8.5977,0.5000,22.5260,22.0260,0.0022,2014-11-28,19.1703,10019.1703,10019.1703,0.0000,0.0000
AAPL-0130,AAPL,long,2014-11-28T00:00:00,2014-12-05T00:00:00,118.9300,115.0000,8.4083,0.5000,-33.0447,-33.5447,-0.0034,2014-12-05,-14.3743,9985.6257,10019.1703,-33.5447,-0.0033
AAPL-0135,AAPL,long,2014-12-05T00:00:00,2014-12-12T00:00:00,115.0000,109.7300,8.6957,0.5000,-45.8261,-46.3261,-0.0046,2014-12-12,-60.7004,9939.2996,10019.1703,-79.8707,-0.0080
AAPL-0140,AAPL,short,2014-12-12T00:00:00,2014-12-19T00:00:00,109.7300,111.7800,9.1133,0.5000,-18.6822,-19.1822,-0.0019,2014-12-19,-79.8826,9920.1174,10019.1703,-99.0530,-0.0099
AAPL-0145,AAPL,short,2014-12-19T00:00:00,2014-12-29T00:00:00,111.7800,113.9100,8.9461,0.5000,-19.0553,-19.5553,-0.0020,2014-12-29,-99.4379,9900.5621,10019.1703,-118.6082,-0.0118
AAPL-0150,AAPL,short,2014-12-29T00:00:00,2015-01-06T00:00:00,113.9100,106.2600,8.7789,0.5000,67.1583,66.6583,0.0067,2015-01-06,-32.7796,9967.2204,10019.1703,-51.9500,-0.0052
AAPL-0155,AAPL,short,2015-01-06T00:00:00,2015-01-13T00:00:00,106.2600,110.2200,9.4109,0.5000,-37.2671,-37.7671,-0.0038,2015-01-13,-70.5467,9929.4533,10019.1703,-89.7170,-0.0090
AAPL-0160,AAPL,short,2015-01-13T00:00:00,2015-01-21T00:00:00,110.2200,109.5500,9.0728,0.5000,6.0787,5.5787,0.0006,2015-01-21,-64.9680,9935.0320,10019.1703,-84.1383,-0.0084
AAPL-0165,AAPL,short,2015-01-21T00:00:00,2015-01-28T00:00:00,109.5500,115.3100,9.1282,0.5000,-52.5787,-53.0787,-0.0053,2015-01-28,-118.0467,9881.9533,10019.1703,-137.2170,-0.0137
AAPL-0170,AAPL,long,2015-01-28T00:00:00,2015-02-04T00:00:00,115.3100,119.5600,8.6723,0.5000,36.8572,36.3572,0.0036,2015-02-04,-81.6895,9918.3105,10019.1703,-100.8598,-0.0101
AAPL-0175,AAPL,long,2015-02-04T00:00:00,2015-02-11T00:00:00,119.5600,124.8800,8.3640,0.5000,44.4965,43.9965,0.0044,2015-02-11,-37.6930,9962.3070,10019.1703,-56.8633,-0.0057
AAPL-0180,AAPL,long,2015-02-11T00:00:00,2015-02-19T00:00:00,124.8800,128.4500,8.0077,0.5000,28.5875,28.0875,0.0028,2015-02-19,-9.6056,9990.3944,10019.1703,-28.7759,-0.0029
AAPL-0185,AAPL,long,2015-02-19T00:00:00,2015-02-26T00:00:00,128.4500,130.4200,7.7851,0.5000,15.3367,14.8367,0.0015,2015-02-26,5.2311,10005.2311,10019.1703,-13.9392,-0.0014
AAPL-0190,AAPL,long,2015-02-26T00:00:00,2015-03-05T00:00:00,130.4200,126.4100,7.6675,0.5000,-30.7468,-31.2468,-0.0031,2015-03-05,-26.0157,9973.9843,10019.1703,-45.1860,-0.0045
AAPL-0195,AAPL,long,2015-03-05T00:00:00,2015-03-12T00:00:00,126.4100,124.4500,7.9108,0.5000,-15.5051,-16.0051,-0.0016,2015-03-12,-42.0208,9957.9792,10019.1703,-61.1911,-0.0061
AAPL-0200,AAPL,short,2015-03-12T00:00:00,2015-03-19T00:00:00,124.4500,127.5000,8.0354,0.5000,-24.5078,-25.0078,-0.0025,2015-03-19,-67.0286,9932.9714,10019.1703,-86.1990,-0.0086
AAPL-0205,AAPL,short,2015-03-19T00:00:00,2015-03-26T00:00:00,127.5000,124.2400,7.8431,0.5000,25.5686,25.0686,0.0025,2015-03-26,-41.9600,9958.0400,10019.1703,-61.1303,-0.0061
AAPL-0210,AAPL,short,2015-03-26T00:00:00,2015-04-02T00:00:00,124.2400,125.3200,8.0489,0.5000,-8.6929,-9.1929,-0.0009,2015-04-02,-51.1529,9948.8471,10019.1703,-70.3232,-0.0070
AAPL-0215,AAPL,short,2015-04-02T00:00:00,2015-04-10T00:00:00,125.3200,127.1000,7.9796,0.5000,-14.2036,-14.7036,-0.0015,2015-04-10,-65.8565,9934.1435,10019.1703,-85.0268,-0.0085
AAPL-0220,AAPL,long,2015-04-10T00:00:00,2015-04-17T00:00:00,127.1000,124.7500,7.8678,0.5000,-18.4894,-18.9894,-0.0019,2015-04-17,-84.8459,9915.1541,10019.1703,-104.0162,-0.0104
AAPL-0225,AAPL,long,2015-04-17T00:00:00,2015-04-24T00:00:00,124.7500,130.2800,8.0160,0.5000,44.3286,43.8286,0.0044,2015-04-24,-41.0172,9958.9828,10019.1703,-60.1876,-0.0060
AAPL-0230,AAPL,long,2015-04-24T00:00:00,2015-05-01T00:00:00,130.2800,128.9500,7.6758,0.5000,-10.2088,-10.7088,-0.0011,2015-05-01,-51.7260,9948.2740,10019.1703,-70.8963,-0.0071
AAPL-0235,AAPL,long,2015-05-01T00:00:00,2015-05-08T00:00:00,128.9500,127.6200,7.7549,0.5000,-10.3141,-10.8141,-0.0011,2015-05-08,-62.5401,9937.4599,10019.1703,-81.7104,-0.0082
AAPL-0240,AAPL,short,2015-05-08T00:00:00,2015-05-15T00:00:00,127.6200,128.7700,7.8358,0.5000,-9.0111,-9.5111,-0.0010,2015-05-15,-72.0512,9927.9488,10019.1703,-91.2215,-0.0091
AAPL-0245,AAPL,short,2015-05-15T00:00:00,2015-05-22T00:00:00,128.7700,132.5400,7.7658,0.5000,-29.2770,-29.7770,-0.0030,2015-05-22,-101.8282,9898.1718,10019.1703,-120.9985,-0.0121
AAPL-0250,AAPL,long,2015-05-22T00:00:00,2015-06-01T00:00:00,132.5400,130.5400,7.5449,0.5000,-15.0898,-15.5898,-0.0016,2015-06-01,-117.4180,9882.5820,10019.1703,-136.5883,-0.0136
AAPL-0255,AAPL,long,2015-06-01T00:00:00,2015-06-08T00:00:00,130.5400,127.8000,7.6605,0.5000,-20.9897,-21.4897,-0.0021,2015-06-08,-138.9077,9861.0923,10019.1703,-158.0780,-0.0158
AAPL-0260,AAPL,long,2015-06-08T00:00:00,2015-06-15T00:00:00,127.8000,126.9200,7.8247,0.5000,-6.8858,-7.3858,-0.0007,2015-06-15,-146.2935,9853.7065,10019.1703,-165.4638,-0.0165
AAPL-0265,AAPL,short,2015-06-15T00:00:00,2015-06-22T00:00:00,126.9200,127.6100,7.8790,0.5000,-5.4365,-5.9365,-0.0006,2015-06-22,-152.2300,9847.7700,10019.1703,-171.4003,-0.0171
AAPL-0270,AAPL,short,2015-06-22T00:00:00,2015-06-29T00:00:00,127.6100,124.5300,7.8364,0.5000,24.1361,23.6361,0.0024,2015-06-29,-128.5939,9871.4061,10019.1703,-147.7643,-0.0147
AAPL-0275,AAPL,short,2015-06-29T00:00:00,2015-07-07T00:00:00,124.5300,125.6900,8.0302,0.5000,-9.3150,-9.8150,-0.0010,2015-07-07,-138.4089,9861.5911,10019.1703,-157.5793,-0.0157
AAPL-0280,AAPL,short,2015-07-07T00:00:00,2015-07-14T00:00:00,125.6900,125.6100,7.9561,0.5000,0.6365,0.1365,0.0000,2015-07-14,-138.2725,9861.7275,10019.1703,-157.4428,-0.0157
AAPL-0285,AAPL,short,2015-07-14T00:00:00,2015-07-21T00:00:00,125.6100,130.7500,7.9611,0.5000,-40.9203,-41.4203,-0.0041,2015-07-21,-179.6928,9820.3072,10019.1703,-198.8631,-0.0198
AAPL-0290,AAPL,long,2015-07-21T00:00:00,2015-07-28T00:00:00,130.7500,123.3800,7.6482,0.5000,-56.3671,-56.8671,-0.0057,2015-07-28,-236.5599,9763.4401,10019.1703,-255.7302,-0.0255
AAPL-0295,AAPL,long,2015-07-28T00:00:00,2015-08-04T00:00:00,123.3800,114.6400,8.1050,0.5000,-70.8380,-71.3380,-0.0071,2015-08-04,-307.8979,9692.1021,10019.1703,-327.0682,-0.0326
AAPL-0300,AAPL,short,2015-08-04T00:00:00,2015-08-11T00:00:00,114.6400,113.4900,8.7230,0.5000,10.0314,9.5314,0.0010,2015-08-11,-298.3665,9701.6335,10019.1703,-317.5368,-0.0317
AAPL-0305,AAPL,short,2015-08-11T00:00:00,2015-08-18T00:00:00,113.4900,116.5000,8.8113,0.5000,-26.5222,-27.0222,-0.0027,2015-08-18,-325.3887,9674.6113,10019.1703,-344.5590,-0.0344
AAPL-0310,AAPL,short,2015-08-18T00:00:00,2015-08-25T00:00:00,116.5000,103.7400,8.5837,0.5000,109.5279,109.0279,0.0109,2015-08-25,-216.3608,9783.6392,10019.1703,-235.5311,-0.0235
AAPL-0315,AAPL,short,2015-08-25T00:00:00,2015-09-01T00:00:00,103.7400,107.7200,9.6395,0.5000,-38.3651,-38.8651,-0.0039,2015-09-01,-255.2259,9744.7741,10019.1703,-274.3962,-0.0274
AAPL-0320,AAPL,short,2015-09-01T00:00:00,2015-09-09T00:00:00,107.7200,110.1500,9.2833,0.5000,-22.5585,-23.0585,-0.0023,2015-09-09,-278.2844,9721.7156,10019.1703,-297.4547,-0.0297
AAPL-0325,AAPL,short,2015-09-09T00:00:00,2015-09-16T00:00:00,110.1500,116.4100,9.0785,0.5000,-56.8316,-57.3316,-0.0057,2015-09-16,-335.6160,9664.3840,10019.1703,-354.7863,-0.0354
AAPL-0330,AAPL,long,2015-09-16T00:00:00,2015-09-23T00:00:00,116.4100,114.3200,8.5903,0.5000,-17.9538,-18.4538,-0.0018,2015-09-23,-354.0698,9645.9302,10019.1703,-373.2401,-0.0373
AAPL-0335,AAPL,long,2015-09-23T00:00:00,2015-09-30T00:00:00,114.3200,110.3000,8.7474,0.5000,-35.1645,-35.6645,-0.0036,2015-09-30,-389.7343,9610.2657,10019.1703,-408.9046,-0.0408
AAPL-0340,AAPL,long,2015-09-30T00:00:00,2015-10-07T00:00:00,110.3000,110.7800,9.0662,0.5000,4.3518,3.8518,0.0004,2015-10-07,-385.8825,9614.1175,10019.1703,-405.0528,-0.0404
AAPL-0345,AAPL,short,2015-10-07T00:00:00,2015-10-14T00:00:00,110.7800,110.2100,9.0269,0.5000,5.1453,4.6453,0.0005,2015-10-14,-381.2372,9618.7628,10019.1703,-400.4075,-0.0400
AAPL-0350,AAPL,short,2015-10-14T00:00:00,2015-10-21T00:00:00,110.2100,113.7600,9.0736,0.5000,-32.2112,-32.7112,-0.0033,2015-10-21,-413.9484,9586.0516,10019.1703,-433.1187,-0.0432
AAPL-0355,AAPL,long,2015-10-21T00:00:00,2015-10-28T00:00:00,113.7600,119.2700,8.7904,0.5000,48.4353,47.9353,0.0048,2015-10-28,-366.0131,9633.9869,10019.1703,-385.1834,-0.0384
AAPL-0360,AAPL,long,2015-10-28T00:00:00,2015-11-04T00:00:00,119.2700,122.0000,8.3843,0.5000,22.8892,22.3892,0.0022,2015-11-04,-343.6238,9656.3762,10019.1703,-362.7942,-0.0362
AAPL-0365,AAPL,long,2015-11-04T00:00:00,2015-11-11T00:00:00,122.0000,116.1100,8.1967,0.5000,-48.2787,-48.7787,-0.0049,2015-11-11,-392.4025,9607.5975,10019.1703,-411.5728,-0.0411
AAPL-0370,AAPL,long,2015-11-11T00:00:00,2015-11-18T00:00:00,116.1100,117.2900,8.6125,0.5000,10.1628,9.6628,0.0010,2015-11-18,-382.7397,9617.2603,10019.1703,-401.9101,-0.0401
AAPL-0375,AAPL,short,2015-11-18T00:00:00,2015-11-25T00:00:00,117.2900,118.0300,8.5259,0.5000,-6.3092,-6.8092,-0.0007,2015-11-25,-389.5489,9610.4511,10019.1703,-408.7192,-0.0408
AAPL-0380,AAPL,short,2015-11-25T00:00:00,2015-12-03T00:00:00,118.0300,115.2000,8.4724,0.5000,23.9769,23.4769,0.0023,2015-12-03,-366.0719,9633.9281,10019.1703,-385.2423,-0.0385
AAPL-0385,AAPL,short,2015-12-03T00:00:00,2015-12-10T00:00:00,115.2000,116.1700,8.6806,0.5000,-8.4201,-8.9201,-0.0009,2015-12-10,-374.9921,9625.0079,10019.1703,-394.1624,-0.0393
AAPL-0390,AAPL,long,2015-12-10T00:00:00,2015-12-17T00:00:00,116.1700,108.9800,8.6081,0.5000,-61.8920,-62.3920,-0.0062,2015-12-17,-437.3841,9562.6159,10019.1703,-456.5544,-0.0456
AAPL-0395,AAPL,short,2015-12-17T00:00:00,2015-12-24T00:00:00,108.9800,108.0300,9.1760,0.5000,8.7172,8.2172,0.0008,2015-12-24,-429.1669,9570.8331,10019.1703,-448.3372,-0.0447
AAPL-0400,AAPL,short,2015-12-24T00:00:00,2016-01-04T00:00:00,108.0300,105.3500,9.2567,0.5000,24.8079,24.3079,0.0024,2016-01-04,-404.8590,9595.1410,10019.1703,-424.0293,-0.0423
AAPL-0405,AAPL,short,2016-01-04T00:00:00,2016-01-11T00:00:00,105.3500,98.5300,9.4922,0.5000,64.7366,64.2366,0.0064,2016-01-11,-340.6224,9659.3776,10019.1703,-359.7927,-0.0359
AAPL-0410,AAPL,short,2016-01-11T00:00:00,2016-01-19T00:00:00,98.5300,96.6600,10.1492,0.5000,18.9790,18.4790,0.0018,2016-01-19,-322.1434,9677.8566,10019.1703,-341.3137,-0.0341
AAPL-0415,AAPL,short,2016-01-19T00:00:00,2016-01-26T00:00:00,96.6600,99.9900,10.3455,0.5000,-34.4506,-34.9506,-0.0035,2016-01-26,-357.0940,9642.9060,10019.1703,-376.2644,-0.0376
AAPL-0420,AAPL,short,2016-01-26T00:00:00,2016-02-02T00:00:00,99.9900,94.4800,10.0010,0.5000,55.1055,54.6055,0.0055,2016-02-02,-302.4885,9697.5115,10019.1703,-321.6589,-0.0321
AAPL-0425,AAPL,short,2016-02-02T00:00:00,2016-02-09T00:00:00,94.4800,94.9900,10.5843,0.5000,-5.3980,-5.8980,-0.0006,2016-02-09,-308.3865,9691.6135,10019.1703,-327.5568,-0.0327
AAPL-0430,AAPL,short,2016-02-09T00:00:00,2016-02-17T00:00:00,94.9900,98.1200,10.5274,0.5000,-32.9508,-33.4508,-0.0033,2016-02-17,-341.8373,9658.1627,10019.1703,-361.0076,-0.0360
AAPL-0435,AAPL,short,2016-02-17T00:00:00,2016-02-24T00:00:00,98.1200,96.1000,10.1916,0.5000,20.5870,20.0870,0.0020,2016-02-24,-321.7503,9678.2497,10019.1703,-340.9206,-0.0340
AAPL-0440,AAPL,long,2016-02-24T00:00:00,2016-03-02T00:00:00,96.1000,100.7500,10.4058,0.5000,48.3871,47.8871,0.0048,2016-03-02,-273.8632,9726.1368,10019.1703,-293.0335,-0.0292
AAPL-0445,AAPL,long,2016-03-02T00:00:00,2016-03-09T00:00:00,100.7500,101.1200,9.9256,0.5000,3.6725,3.1725,0.0003,2016-03-09,-270.6907,9729.3093,10019.1703,-289.8611,-0.0289
AAPL-0450,AAPL,long,2016-03-09T00:00:00,2016-03-16T00:00:00,101.1200,105.9700,9.8892,0.5000,47.9628,47.4628,0.0047,2016-03-16,-223.2279,9776.7721,10019.1703,-242.3982,-0.0242
AAPL-0455,AAPL,long,2016-03-16T00:00:00,2016-03-23T00:00:00,105.9700,106.1300,9.4366,0.5000,1.5099,1.0099,0.0001,2016-03-23,-222.2180,9777.7820,10019.1703,-241.3884,-0.0241
AAPL-0460,AAPL,long,2016-03-23T00:00:00,2016-03-31T00:00:00,106.1300,108.9900,9.4224,0.5000,26.9481,26.4481,0.0026,2016-03-31,-195.7700,9804.2300,10019.1703,-214.9403,-0.0215
AAPL-0465,AAPL,long,2016-03-31T00:00:00,2016-04-07T00:00:00,108.9900,108.5400,9.1752,0.5000,-4.1288,-4.6288,-0.0005,2016-04-07,-200.3988,9799.6012,10019.1703,-219.5691,-0.0219
AAPL-0470,AAPL,long,2016-04-07T00:00:00,2016-04-14T00:00:00,108.5400,112.1000,9.2132,0.5000,32.7990,32.2990,0.0032,2016-04-14,-168.0998,9831.9002,10019.1703,-187.2701,-0.0187
AAPL-0475,AAPL,long,2016-04-14T00:00:00,2016-04-21T00:00:00,112.1000,105.9700,8.9206,0.5000,-54.6833,-55.1833,-0.0055,2016-04-21,-223.2832,9776.7168,10019.1703,-242.4535,-0.0242
AAPL-0480,AAPL,long,2016-04-21T00:00:00,2016-04-28T00:00:00,105.9700,94.8300,9.4366,0.5000,-105.1241,-105.6241,-0.0106,2016-04-28,-328.9072,9671.0928,10019.1703,-348.0775,-0.0347
AAPL-0485,AAPL,short,2016-04-28T00:00:00,2016-05-05T00:00:00,94.8300,93.2400,10.5452,0.5000,16.7669,16.2669,0.0016,2016-05-05,-312.6404,9687.3596,10019.1703,-331.8107,-0.0331
AAPL-0490,AAPL,short,2016-05-05T00:00:00,2016-05-12T00:00:00,93.2400,90.3400,10.7250,0.5000,31.1025,30.6025,0.0031,2016-05-12,-282.0378,9717.9622,10019.1703,-301.2082,-0.0301
AAPL-0495,AAPL,short,2016-05-12T00:00:00,2016-05-19T00:00:00,90.3400,94.2000,11.0693,0.5000,-42.7275,-43.2275,-0.0043,2016-05-19,-325.2653,9674.7347,10019.1703,-344.4356,-0.0344
AAPL-0500,AAPL,short,2016-05-19T00:00:00,2016-05-26T00:00:00,94.2000,100.4100,10.6157,0.5000,-65.9236,-66.4236,-0.0066,2016-05-26,-391.6888,9608.3112,10019.1703,-410.8592,-0.0410
AAPL-0505,AAPL,long,2016-05-26T00:00:00,2016-06-03T00:00:00,100.4100,97.9200,9.9592,0.5000,-24.7983,-25.2983,-0.0025,2016-06-03,-416.9872,9583.0128,10019.1703,-436.1575,-0.0435
AAPL-0510,AAPL,long,2016-06-03T00:00:00,2016-06-10T00:00:00,97.9200,98.8300,10.2124,0.5000,9.2933,8.7933,0.0009,2016-06-10,-408.1939,9591.8061,10019.1703,-427.3642,-0.0427
AAPL-0515,AAPL,long,2016-06-10T00:00:00,2016-06-17T00:00:00,98.8300,95.3300,10.1184,0.5000,-35.4143,-35.9143,-0.0036,2016-06-17,-444.1082,9555.8918,10019.1703,-463.2785,-0.0462
AAPL-0520,AAPL,short,2016-06-17T00:00:00,2016-06-24T00:00:00,95.3300,93.4000,10.4899,0.5000,20.2455,19.7455,0.0020,2016-06-24,-424.3627,9575.6373,10019.1703,-443.5331,-0.0443
AAPL-0525,AAPL,short,2016-06-24T00:00:00,2016-07-01T00:00:00,93.4000,95.8900,10.7066,0.5000,-26.6595,-27.1595,-0.0027,2016-07-01,-451.5223,9548.4777,10019.1703,-470.6926,-0.0470
AAPL-0530,AAPL,short,2016-07-01T00:00:00,2016-07-11T00:00:00,95.8900,96.9800,10.4286,0.5000,-11.3672,-11.8672,-0.0012,2016-07-11,-463.3895,9536.6105,10019.1703,-482.5598,-0.0482
AAPL-0535,AAPL,short,2016-07-11T00:00:00,2016-07-18T00:00:00,96.9800,99.8300,10.3114,0.5000,-29.3875,-29.8875,-0.0030,2016-07-18,-493.2770,9506.7230,10019.1703,-512.4473,-0.0511
AAPL-0540,AAPL,long,2016-07-18T00:00:00,2016-07-25T00:00:00,99.8300,97.3400,10.0170,0.5000,-24.9424,-25.4424,-0.0025,2016-07-25,-518.7194,9481.2806,10019.1703,-537.8897,-0.0537
AAPL-0545,AAPL,long,2016-07-25T00:00:00,2016-08-01T00:00:00,97.3400,106.0500,10.2733,0.5000,89.4802,88.9802,0.0089,2016-08-01,-429.7392,9570.2608,10019.1703,-448.9095,-0.0448
AAPL-0550,AAPL,long,2016-08-01T00:00:00,2016-08-08T00:00:00,106.0500,108.3700,9.4295,0.5000,21.8765,21.3765,0.0021,2016-08-08,-408.3627,9591.6373,10019.1703,-427.5331,-0.0427
AAPL-0555,AAPL,long,2016-08-08T00:00:00,2016-08-15T00:00:00,108.3700,109.4800,9.2277,0.5000,10.2427,9.7427,0.0010,2016-08-15,-398.6200,9601.3800,10019.1703,-417.7904,-0.0417
AAPL-0560,AAPL,long,2016-08-15T00:00:00,2016-08-22T00:00:00,109.4800,108.5100,9.1341,0.5000,-8.8601,-9.3601,-0.0009,2016-08-22,-407.9801,9592.0199,10019.1703,-427.1504,-0.0426
AAPL-0565,AAPL,long,2016-08-22T00:00:00,2016-08-29T00:00:00,108.5100,106.8200,9.2157,0.5000,-15.5746,-16.0746,-0.0016,2016-08-29,-424.0547,9575.9453,10019.1703,-443.2250,-0.0442
AAPL-0570,AAPL,long,2016-08-29T00:00:00,2016-09-06T00:00:00,106.8200,107.7000,9.3615,0.5000,8.2382,7.7382,0.0008,2016-09-06,-416.3165,9583.6835,10019.1703,-435.4869,-0.0435
AAPL-0575,AAPL,short,2016-09-06T00:00:00,2016-09-13T00:00:00,107.7000,107.9500,9.2851,0.5000,-2.3213,-2.8213,-0.0003,2016-09-13,-419.1378,9580.8622,10019.1703,-438.3081,-0.0437
AAPL-0580,AAPL,short,2016-09-13T00:00:00,2016-09-20T00:00:00,107.9500,113.5700,9.2636,0.5000,-52.0612,-52.5612,-0.0053,2016-09-20,-471.6990,9528.3010,10019.1703,-490.8693,-0.0490
AAPL-0585,AAPL,long,2016-09-20T00:00:00,2016-09-27T00:00:00,113.5700,113.0900,8.8051,0.5000,-4.2265,-4.7265,-0.0005,2016-09-27,-476.4254,9523.5746,10019.1703,-495.5958,-0.0495
AAPL-0590,AAPL,long,2016-09-27T00:00:00,2016-10-04T00:00:00,113.0900,113.0000,8.8425,0.5000,-0.7958,-1.2958,-0.0001,2016-10-04,-477.7212,9522.2788,10019.1703,-496.8916,-0.0496
AAPL-0595,AAPL,long,2016-10-04T00:00:00,2016-10-11T00:00:00,113.0000,116.3000,8.8496,0.5000,29.2035,28.7035,0.0029,2016-10-11,-449.0177,9550.9823,10019.1703,-468.1880,-0.0467
AAPL-0600,AAPL,long,2016-10-11T00:00:00,2016-10-18T00:00:00,116.3000,117.4700,8.5984,0.5000,10.0602,9.5602,0.0010,2016-10-18,-439.4575,9560.5425,10019.1703,-458.6278,-0.0458
AAPL-0605,AAPL,long,2016-10-18T00:00:00,2016-10-25T00:00:00,117.4700,118.2500,8.5128,0.5000,6.6400,6.1400,0.0006,2016-10-25,-433.3175,9566.6825,10019.1703,-452.4879,-0.0452
AAPL-0610,AAPL,long,2016-10-25T00:00:00,2016-11-01T00:00:00,118.2500,111.4900,8.4567,0.5000,-57.1670,-57.6670,-0.0058,2016-11-01,-490.9845,9509.0155,10019.1703,-510.1549,-0.0509
AAPL-0615,AAPL,short,2016-11-01T00:00:00,2016-11-08T00:00:00,111.4900,111.0600,8.9694,0.5000,3.8568,3.3568,0.0003,2016-11-08,-487.6277,9512.3723,10019.1703,-506.7980,-0.0506
AAPL-0620,AAPL,short,2016-11-08T00:00:00,2016-11-15T00:00:00,111.0600,107.1100,9.0041,0.5000,35.5664,35.0664,0.0035,2016-11-15,-452.5613,9547.4387,10019.1703,-471.7317,-0.0471
AAPL-0625,AAPL,short,2016-11-15T00:00:00,2016-11-22T00:00:00,107.1100,111.8000,9.3362,0.5000,-43.7868,-44.2868,-0.0044,2016-11-22,-496.8481,9503.1519,10019.1703,-516.0185,-0.0515
AAPL-0630,AAPL,short,2016-11-22T00:00:00,2016-11-30T00:00:00,111.8000,110.5200,8.9445,0.5000,11.4490,10.9490,0.0011,2016-11-30,-485.8991,9514.1009,10019.1703,-505.0694,-0.0504
AAPL-0635,AAPL,long,2016-11-30T00:00:00,2016-12-07T00:00:00,110.5200,111.0300,9.0481,0.5000,4.6146,4.1146,0.0004,2016-12-07,-481.7846,9518.2154,10019.1703,-500.9549,-0.0500
AAPL-0640,AAPL,long,2016-12-07T00:00:00,2016-12-14T00:00:00,111.0300,115.1900,9.0066,0.5000,37.4673,36.9673,0.0037,2016-12-14,-444.8172,9555.1828,10019.1703,-463.9876,-0.0463
AAPL-0645,AAPL,long,2016-12-14T00:00:00,2016-12-21T00:00:00,115.1900,117.0600,8.6813,0.5000,16.2340,15.7340,0.0016,2016-12-21,-429.0832,9570.9168,10019.1703,-448.2535,-0.0447
AAPL-0650,AAPL,long,2016-12-21T00:00:00,2016-12-29T00:00:00,117.0600,116.7300,8.5426,0.5000,-2.8191,-3.3191,-0.0003,2016-12-29,-432.4022,9567.5978,10019.1703,-451.5726,-0.0451
AAPL-0655,AAPL,long,2016-12-29T00:00:00,2017-01-06T00:00:00,116.7300,117.9100,8.5668,0.5000,10.1088,9.6088,0.0010,2017-01-06,-422.7934,9577.2066,10019.1703,-441.9638,-0.0441
AAPL-0660,AAPL,long,2017-01-06T00:00:00,2017-01-13T00:00:00,117.9100,119.0400,8.4810,0.5000,9.5836,9.0836,0.0009,2017-01-13,-413.7099,9586.2901,10019.1703,-432.8802,-0.0432
AAPL-0665,AAPL,long,2017-01-13T00:00:00,2017-01-23T00:00:00,119.0400,120.0800,8.4005,0.5000,8.7366,8.2366,0.0008,2017-01-23,-405.4733,9594.5267,10019.1703,-424.6436,-0.0424
AAPL-0670,AAPL,long,2017-01-23T00:00:00,2017-01-30T00:00:00,120.0800,121.6300,8.3278,0.5000,12.9081,12.4081,0.0012,2017-01-30,-393.0653,9606.9347,10019.1703,-412.2356,-0.0411
AAPL-0675,AAPL,long,2017-01-30T00:00:00,2017-02-06T00:00:00,121.6300,130.2900,8.2217,0.5000,71.1996,70.6996,0.0071,2017-02-06,-322.3657,9677.6343,10019.1703,-341.5360,-0.0341
AAPL-0680,AAPL,long,2017-02-06T00:00:00,2017-02-13T00:00:00,130.2900,133.2900,7.6752,0.5000,23.0256,22.5256,0.0023,2017-02-13,-299.8401,9700.1599,10019.1703,-319.0104,-0.0318
AAPL-0685,AAPL,long,2017-02-13T00:00:00,2017-02-21T00:00:00,133.2900,136.7000,7.5024,0.5000,25.5833,25.0833,0.0025,2017-02-21,-274.7568,9725.2432,10019.1703,-293.9271,-0.0293
AAPL-0690,AAPL,long,2017-02-21T00:00:00,2017-02-28T00:00:00,136.7000,136.9900,7.3153,0.5000,2.1214,1.6214,0.0002,2017-02-28,-273.1354,9726.8646,10019.1703,-292.3057,-0.0292
AAPL-0695,AAPL,long,2017-02-28T00:00:00,2017-03-07T00:00:00,136.9900,139.5200,7.2998,0.5000,18.4685,17.9685,0.0018,2017-03-07,-255.1669,9744.8331,10019.1703,-274.3372,-0.0274
AAPL-0700,AAPL,long,2017-03-07T00:00:00,2017-03-14T00:00:00,139.5200,138.9900,7.1674,0.5000,-3.7987,-4.2987,-0.0004,2017-03-14,-259.4656,9740.5344,10019.1703,-278.6359,-0.0278
AAPL-0705,AAPL,long,2017-03-14T00:00:00,2017-03-21T00:00:00,138.9900,139.8400,7.1948,0.5000,6.1155,5.6155,0.0006,2017-03-21,-253.8500,9746.1500,10019.1703,-273.0204,-0.0272
AAPL-0710,AAPL,long,2017-03-21T00:00:00,2017-03-28T00:00:00,139.8400,143.8000,7.1510,0.5000,28.3181,27.8181,0.0028,2017-03-28,-226.0320,9773.9680,10019.1703,-245.2023,-0.0245
AAPL-0715,AAPL,long,2017-03-28T00:00:00,2017-04-04T00:00:00,143.8000,144.7700,6.9541,0.5000,6.7455,6.2455,0.0006,2017-04-04,-219.7865,9780.2135,10019.1703,-238.9568,-0.0238
AAPL-0720,AAPL,long,2017-04-04T00:00:00,2017-04-11T00:00:00,144.7700,141.6300,6.9075,0.5000,-21.6896,-22.1896,-0.0022,2017-04-11,-241.9761,9758.0239,10019.1703,-261.1464,-0.0261
AAPL-0725,AAPL,long,2017-04-11T00:00:00,2017-04-19T00:00:00,141.6300,140.6800,7.0606,0.5000,-6.7076,-7.2076,-0.0007,2017-04-19,-249.1837,9750.8163,10019.1703,-268.3540,-0.0268
AAPL-0730,AAPL,short,2017-04-19T00:00:00,2017-04-26T00:00:00,140.6800,143.6800,7.1083,0.5000,-21.3250,-21.8250,-0.0022,2017-04-26,-271.0087,9728.9913,10019.1703,-290.1790,-0.0290
AAPL-0735,AAPL,short,2017-04-26T00:00:00,2017-05-03T00:00:00,143.6800,147.0600,6.9599,0.5000,-23.5245,-24.0245,-0.0024,2017-05-03,-295.0332,9704.9668,10019.1703,-314.2035,-0.0314
AAPL-0740,AAPL,long,2017-05-03T00:00:00,2017-05-10T00:00:00,147.0600,153.2600,6.7999,0.5000,42.1597,41.6597,0.0042,2017-05-10,-253.3735,9746.6265,10019.1703,-272.5438,-0.0272
AAPL-0745,AAPL,long,2017-05-10T00:00:00,2017-05-17T00:00:00,153.2600,150.2500,6.5249,0.5000,-19.6398,-20.1398,-0.0020,2017-05-17,-273.5133,9726.4867,10019.1703,-292.6836,-0.0292
AAPL-0750,AAPL,long,2017-05-17T00:00:00,2017-05-24T00:00:00,150.2500,153.3400,6.6556,0.5000,20.5657,20.0657,0.0020,2017-05-24,-253.4476,9746.5524,10019.1703,-272.6179,-0.0272
AAPL-0755,AAPL,long,2017-05-24T00:00:00,2017-06-01T00:00:00,153.3400,153.1800,6.5215,0.5000,-1.0434,-1.5434,-0.0002,2017-06-01,-254.9910,9745.0090,10019.1703,-274.1614,-0.0274
AAPL-0760,AAPL,long,2017-06-01T00:00:00,2017-06-08T00:00:00,153.1800,154.9900,6.5283,0.5000,11.8162,11.3162,0.0011,2017-06-08,-243.6749,9756.3251,10019.1703,-262.8452,-0.0262
AAPL-0765,AAPL,long,2017-06-08T00:00:00,2017-06-15T00:00:00,154.9900,144.2900,6.4520,0.5000,-69.0367,-69.5367,-0.0070,2017-06-15,-313.2116,9686.7884,10019.1703,-332.3819,-0.0332
AAPL-0770,AAPL,short,2017-06-15T00:00:00,2017-06-22T00:00:00,144.2900,145.6300,6.9305,0.5000,-9.2869,-9.7869,-0.0010,2017-06-22,-322.9984,9677.0016,10019.1703,-342.1688,-0.0342
AAPL-0775,AAPL,short,2017-06-22T00:00:00,2017-06-29T00:00:00,145.6300,143.6800,6.8667,0.5000,13.3901,12.8901,0.0013,2017-06-29,-310.1083,9689.8917,10019.1703,-329.2787,-0.0329
AAPL-0780,AAPL,short,2017-06-29T00:00:00,2017-07-07T00:00:00,143.6800,144.1800,6.9599,0.5000,-3.4800,-3.9800,-0.0004,2017-07-07,-314.0883,9685.9117,10019.1703,-333.2586,-0.0333
AAPL-0785,AAPL,short,2017-07-07T00:00:00,2017-07-14T00:00:00,144.1800,149.0400,6.9358,0.5000,-33.7078,-34.2078,-0.0034,2017-07-14,-348.2961,9651.7039,10019.1703,-367.4665,-0.0367
AAPL-0790,AAPL,long,2017-07-14T00:00:00,2017-07-21T00:00:00,149.0400,150.2700,6.7096,0.5000,8.2528,7.7528,0.0008,2017-07-21,-340.5433,9659.4567,10019.1703,-359.7137,-0.0359
AAPL-0795,AAPL,long,2017-07-21T00:00:00,2017-07-28T00:00:00,150.2700,149.5000,6.6547,0.5000,-5.1241,-5.6241,-0.0006,2017-07-28,-346.1674,9653.8326,10019.1703,-365.3378,-0.0365
AAPL-0800,AAPL,long,2017-07-28T00:00:00,2017-08-04T00:00:00,149.5000,156.3900,6.6890,0.5000,46.0869,45.5869,0.0046,2017-08-04,-300.5805,9699.4195,10019.1703,-319.7508,-0.0319
AAPL-0805,AAPL,long,2017-08-04T00:00:00,2017-08-11T00:00:00,156.3900,157.4800,6.3943,0.5000,6.9698,6.4698,0.0006,2017-08-11,-294.1107,9705.8893,10019.1703,-313.2811,-0.0313
AAPL-0810,AAPL,long,2017-08-11T00:00:00,2017-08-18T00:00:00,157.4800,157.5000,6.3500,0.5000,0.1270,-0.3730,-0.0000,2017-08-18,-294.4837,9705.5163,10019.1703,-313.6541,-0.0313
AAPL-0815,AAPL,long,2017-08-18T00:00:00,2017-08-25T00:00:00,157.5000,159.8600,6.3492,0.5000,14.9841,14.4841,0.0014,2017-08-25,-279.9996,9720.0004,10019.1703,-299.1699,-0.0299
AAPL-0820,AAPL,long,2017-08-25T00:00:00,2017-09-01T00:00:00,159.8600,164.0500,6.2555,0.5000,26.2104,25.7104,0.0026,2017-09-01,-254.2892,9745.7108,10019.1703,-273.4595,-0.0273
AAPL-0825,AAPL,long,2017-09-01T00:00:00,2017-09-11T00:00:00,164.0500,161.5000,6.0957,0.5000,-15.5440,-16.0440,-0.0016,2017-09-11,-270.3332,9729.6668,10019.1703,-289.5036,-0.0289
AAPL-0830,AAPL,long,2017-09-11T00:00:00,2017-09-18T00:00:00,161.5000,158.6700,6.1920,0.5000,-17.5232,-18.0232,-0.0018,2017-09-18,-288.3564,9711.6436,10019.1703,-307.5268,-0.0307
AAPL-0835,AAPL,short,2017-09-18T00:00:00,2017-09-25T00:00:00,158.6700,150.5500,6.3024,0.5000,51.1754,50.6754,0.0051,2017-09-25,-237.6810,9762.3190,10019.1703,-256.8514,-0.0256
AAPL-0840,AAPL,short,2017-09-25T00:00:00,2017-10-02T00:00:00,150.5500,153.8100,6.6423,0.5000,-21.6539,-22.1539,-0.0022,2017-10-02,-259.8350,9740.1650,10019.1703,-279.0053,-0.0278
AAPL-0845,AAPL,short,2017-10-02T00:00:00,2017-10-09T00:00:00,153.8100,155.8400,6.5015,0.5000,-13.1981,-13.6981,-0.0014,2017-10-09,-273.5331,9726.4669,10019.1703,-292.7034,-0.0292
AAPL-0850,AAPL,short,2017-10-09T00:00:00,2017-10-16T00:00:00,155.8400,159.8800,6.4168,0.5000,-25.9240,-26.4240,-0.0026,2017-10-16,-299.9571,9700.0429,10019.1703,-319.1274,-0.0319
AAPL-0855,AAPL,long,2017-10-16T00:00:00,2017-10-23T00:00:00,159.8800,156.1700,6.2547,0.5000,-23.2049,-23.7049,-0.0024,2017-10-23,-323.6620,9676.3380,10019.1703,-342.8323,-0.0342
AAPL-0860,AAPL,long,2017-10-23T00:00:00,2017-10-30T00:00:00,156.1700,166.7200,6.4033,0.5000,67.5546,67.0546,0.0067,2017-10-30,-256.6074,9743.3926,10019.1703,-275.7777,-0.0275
AAPL-0865,AAPL,long,2017-10-30T00:00:00,2017-11-06T00:00:00,166.7200,174.2500,5.9981,0.5000,45.1655,44.6655,0.0045,2017-11-06,-211.9419,9788.0581,10019.1703,-231.1122,-0.0231
AAPL-0870,AAPL,long,2017-11-06T00:00:00,2017-11-13T00:00:00,174.2500,173.9700,5.7389,0.5000,-1.6069,-2.1069,-0.0002,2017-11-13,-214.0487,9785.9513,10019.1703,-233.2191,-0.0233
AAPL-0875,AAPL,long,2017-11-13T00:00:00,2017-11-20T00:00:00,173.9700,169.9800,5.7481,0.5000,-22.9350,-23.4350,-0.0023,2017-11-20,-237.4837,9762.5163,10019.1703,-256.6541,-0.0256
AAPL-0880,AAPL,long,2017-11-20T00:00:00,2017-11-28T00:00:00,169.9800,173.0700,5.8830,0.5000,18.1786,17.6786,0.0018,2017-11-28,-219.8051,9780.1949,10019.1703,-238.9754,-0.0239
AAPL-0885,AAPL,long,2017-11-28T00:00:00,2017-12-05T00:00:00,173.0700,169.6400,5.7780,0.5000,-19.8186,-20.3186,-0.0020,2017-12-05,-240.1237,9759.8763,10019.1703,-259.2940,-0.0259
AAPL-0890,AAPL,short,2017-12-05T00:00:00,2017-12-12T00:00:00,169.6400,171.7000,5.8948,0.5000,-12.1434,-12.6434,-0.0013,2017-12-12,-252.7671,9747.2329,10019.1703,-271.9374,-0.0271
AAPL-0895,AAPL,short,2017-12-12T00:00:00,2017-12-19T00:00:00,171.7000,174.5400,5.8241,0.5000,-16.5405,-17.0405,-0.0017,2017-12-19,-269.8075,9730.1925,10019.1703,-288.9779,-0.0288
AAPL-0900,AAPL,long,2017-12-19T00:00:00,2017-12-27T00:00:00,174.5400,170.6000,5.7294,0.5000,-22.5736,-23.0736,-0.0023,2017-12-27,-292.8812,9707.1188,10019.1703,-312.0515,-0.0311
AAPL-0905,AAPL,long,2017-12-27T00:00:00,2018-01-04T00:00:00,170.6000,173.0300,5.8617,0.5000,14.2439,13.7439,0.0014,2018-01-04,-279.1373,9720.8627,10019.1703,-298.3076,-0.0298
AAPL-0910,AAPL,short,2018-01-04T00:00:00,2018-01-11T00:00:00,173.0300,175.2800,5.7793,0.5000,-13.0035,-13.5035,-0.0014,2018-01-11,-292.6409,9707.3591,10019.1703,-311.8112,-0.0311
AAPL-0915,AAPL,long,2018-01-11T00:00:00,2018-01-19T00:00:00,175.2800,178.4600,5.7052,0.5000,18.1424,17.6424,0.0018,2018-01-19,-274.9984,9725.0016,10019.1703,-294.1688,-0.0294
AAPL-0920,AAPL,long,2018-01-19T00:00:00,2018-01-26T00:00:00,178.4600,171.5100,5.6035,0.5000,-38.9443,-39.4443,-0.0039,2018-01-26,-314.4428,9685.5572,10019.1703,-333.6131,-0.0333
